K,N,kl,tv
3,12,0.3249155854563805,0.2760773567065662
